OID,SPCODE,STATE
1,A02N,AK
2,A02M,AK
3,A00R,AK
4,A0K5,AK
5,A0HK,AK
6,A0FS,AK
7,B00Y,AK
8,A02T,AK
9,S00V,AK
10,B090,AK
11,B08Z,AK
12,A0IJ,AK
13,E04W,AL
14,Q1ST,AL
15,Q1SW,AL
16,Q02R,AL
17,S00O,AL
18,G016,AL
19,A02O,AL
20,B0DM,AL
21,G098,AL
22,C00U,AL
23,B079,AL
24,Q315,AL
25,Q2SM,AL
26,E01L,AL
27,F00X,AL
28,E05Y,AL
29,F02H,AL
30,Q28M,AL
31,C00F,AL
32,F00K,AL
33,C026,AL
34,E05B,AL
35,G063,AL
36,F03O,AL
37,F02E,AL
38,F01F,AL
39,F01T,AL
40,F005,AL
41,F02F,AL
42,F02D,AL
43,F012,AL
44,F03J,AL
45,C00E,AL
46,E012,AL
47,E01B,AL
48,E098,AL
49,E00U,AL
50,E0AB,AL
51,E05P,AL
52,F03W,AL
53,F00Q,AL
54,F00O,AL
55,F02T,AL
56,F02G,AL
57,C044,AL
58,F030,AL
59,Q3HO,AL
60,F01X,AL
61,S00T,AL
62,F00G,AL
63,F02X,AL
64,F01S,AL
65,F02Y,AL
66,F00A,AL
67,Q12K,AL
68,C00O,AL
69,G08D,AL
70,G0C2,AL
71,G08C,AL
72,G08B,AL
73,G07F,AL
74,Q1XX,AL
75,Q2CO,AL
76,G072,AL
77,F01W,AL
78,Q1YT,AL
79,F038,AL
80,F039,AL
81,F03M,AL
82,A02Q,AL
83,B06O,AL
84,A04J,AL
85,A0JE,AL
86,A000,AL
87,I00K,AL
88,E04E,AL
89,E04C,AL
90,F00S,AL
91,K01V,AL
92,F00L,AL
93,E05S,AL
94,E010,AL
95,A08Y,AL
96,A08C,AL
97,D00C,AL
98,B04F,AL
99,C029,AL
100,F00M,AL
101,F00R,AL
102,F046,AL
103,F036,AL
104,F03A,AL
105,F03B,AL
106,F03Z,AL
107,F013,AL
108,F035,AL
109,F00P,AL
110,F02S,AL
111,F03V,AL
112,F014,AL
113,G06V,AL
114,F01Y,AL
115,F01O,AL
116,C01W,AL
117,Q2H9,AL
118,F037,AL
119,F02N,AL
120,G03B,AL
121,F03X,AL
122,F00E,AL
123,F027,AL
124,Q2VT,AL
125,Q21B,AL
126,Q2HZ,AL
127,E026,AL
128,Q2I4,AL
129,E011,AL
130,Q21W,AL
131,C01Y,AL
132,S01N,AL
133,F00B,AL
134,A007,AL
135,Q2RG,AL
136,G04X,AL
137,F01B,AL
138,F000,AL
139,Q2MP,AL
140,E02J,AR
141,F00U,AR
142,K02J,AR
143,K02H,AR
144,B03Q,AR
145,B079,AR
146,A075,AR
147,D032,AR
148,F00X,AR
149,F00J,AR
150,F004,AR
151,E01E,AR
152,Q1WK,AR
153,F00G,AR
154,F02I,AR
155,F00F,AR
156,F020,AR
157,F00W,AR
158,Q2CO,AR
159,A04J,AR
160,A0JE,AR
161,A000,AR
162,I028,AR
163,E05X,AR
164,E017,AR
165,Q2CC,AR
166,B04F,AR
167,F00T,AR
168,Q2H9,AR
169,F03X,AR
170,F00C,AR
171,E06X,AR
172,B07N,AR
173,Q2RE,AR
174,C00E,AS
175,D01H,AZ
176,Q24Z,AZ
177,A009,AZ
178,Q25M,AZ
179,Q1T8,AZ
180,Q2NC,AZ
181,A00E,AZ
182,Q1U1,AZ
183,E063,AZ
184,B06R,AZ
185,B00Z,AZ
186,Q27L,AZ
187,Q27M,AZ
188,C01S,AZ
189,Q1V7,AZ
190,E04B,AZ
191,E044,AZ
192,Q1VV,AZ
193,Q1VZ,AZ
194,Q0OU,AZ
195,B094,AZ
196,Q1W4,AZ
197,E000,AZ
198,E029,AZ
199,E020,AZ
200,E02P,AZ
201,E034,AZ
202,E02A,AZ
203,C04L,AZ
204,B002,AZ
205,E02H,AZ
206,A084,AZ
207,E04M,AZ
208,A0AD,AZ
209,Q2PK,AZ
210,E05J,AZ
211,A0EU,AZ
212,A004,AZ
213,E00D,AZ
214,E00E,AZ
215,G01M,AZ
216,Q21L,AZ
217,A040,AZ
218,Q200,AZ
219,Q1ZX,AZ
220,Q1C9,AZ
221,Q1ZZ,AZ
222,E00Z,AZ
223,E00C,AZ
224,E006,AZ
225,Q20Z,AZ
226,G05E,AZ
227,G051,AZ
228,B00P,AZ
229,D02F,AZ
230,Q3LJ,AZ
231,Q3FS,AZ
232,B03X,AZ
233,B074,AZ
234,A09O,AZ
235,C04Q,AZ
236,C051,AZ
237,E03X,AZ
238,E054,AZ
239,A0BX,AZ
240,Q00E,CA
241,Q24H,CA
242,E09K,CA
243,Q1YO,CA
244,Q2X0,CA
245,Q01F,CA
246,Q01H,CA
247,D01T,CA
248,D000,CA
249,B05S,CA
250,Q1SU,CA
251,D020,CA
252,D02K,CA
253,A0BJ,CA
254,I00H,CA
255,Q02U,CA
256,Q1SX,CA
257,A0A8,CA
258,Q037,CA
259,Q25C,CA
260,Q036,CA
261,Q1T0,CA
262,Q259,CA
263,Q03G,CA
264,Q03I,CA
265,Q25H,CA
266,Q03Z,CA
267,Q2Z7,CA
268,Q25T,CA
269,Q05E,CA
270,Q05J,CA
271,Q064,CA
272,Q25Y,CA
273,Q25Z,CA
274,Q2ND,CA
275,Q076,CA
276,Q07J,CA
277,Q2ZO,CA
278,Q2ZR,CA
279,Q264,CA
280,A02S,CA
281,A02M,CA
282,A02O,CA
283,D005,CA
284,Q08G,CA
285,Q08H,CA
286,Q1TO,CA
287,B08C,CA
288,K03D,CA
289,K03E,CA
290,K03G,CA
291,K049,CA
292,Q09H,CA
293,Q09J,CA
294,I00Q,CA
295,Q1TU,CA
296,Q0AS,CA
297,Q0AU,CA
298,Q26O,CA
299,A00D,CA
300,Q0BL,CA
301,Q26R,CA
302,Q0CG,CA
303,Q0CL,CA
304,Q1U2,CA
305,Q0D1,CA
306,E07W,CA
307,E057,CA
308,Q2Y8,CA
309,Q1U3,CA
310,Q3AH,CA
311,Q0DK,CA
312,Q0DQ,CA
313,Q0E9,CA
314,B07C,CA
315,E055,CA
316,Q0ET,CA
317,Q270,CA
318,Q0EY,CA
319,Q30Y,CA
320,Q271,CA
321,Q3IB,CA
322,Q3O7,CA
323,Q1UF,CA
324,I0OW,CA
325,Q1UH,CA
326,Q1UG,CA
327,Q0FC,CA
328,Q0FE,CA
329,Q1UI,CA
330,Q0FO,CA
331,Q1UJ,CA
332,Q2O6,CA
333,B06R,CA
334,Q1US,CA
335,Q0GT,CA
336,Q1UT,CA
337,Q2O8,CA
338,R005,CA
339,R00A,CA
340,E044,CA
341,E00A,CA
342,Q0YQ,CA
343,Q340,CA
344,Q0LZ,CA
345,Q0M2,CA
346,Q1VC,CA
347,E052,CA
348,C00F,CA
349,I01L,CA
350,I0TG,CA
351,Q3NC,CA
352,A03X,CA
353,A08P,CA
354,A0G8,CA
355,A08O,CA
356,A08S,CA
357,Q2T6,CA
358,Q0O7,CA
359,Q0OC,CA
360,Q3AK,CA
361,Q0OF,CA
362,Q32V,CA
363,Q0OH,CA
364,Q1VT,CA
365,Q2OM,CA
366,I01G,CA
367,B094,CA
368,A0A7,CA
369,Q2TD,CA
370,Q29A,CA
371,Q29D,CA
372,Q1W5,CA
373,Q0QR,CA
374,Q0S7,CA
375,Q1W8,CA
376,Q2TK,CA
377,Q1W9,CA
378,Q29S,CA
379,Q1WA,CA
380,Q29W,CA
381,Q29X,CA
382,E071,CA
383,I00C,CA
384,I00R,CA
385,I021,CA
386,I00P,CA
387,I01C,CA
388,Q0V1,CA
389,Q2OZ,CA
390,Q0V6,CA
391,Q0VF,CA
392,Q0VG,CA
393,C001,CA
394,E00X,CA
395,E00Q,CA
396,E02W,CA
397,E020,CA
398,Q2AJ,CA
399,Q0WC,CA
400,I01B,CA
401,C04L,CA
402,B002,CA
403,G0C8,CA
404,Q0YA,CA
405,G00D,CA
406,Q1X6,CA
407,Q0ZL,CA
408,Q2RM,CA
409,E070,CA
410,I00J,CA
411,A08Q,CA
412,Q0QW,CA
413,Q34J,CA
414,B05R,CA
415,Q1XU,CA
416,Q122,CA
417,Q34T,CA
418,C00V,CA
419,K048,CA
420,Q2CD,CA
421,Q3AI,CA
422,Q1Y0,CA
423,Q141,CA
424,Q2YE,CA
425,Q1Y1,CA
426,Q14U,CA
427,Q161,CA
428,Q2DD,CA
429,I00I,CA
430,A073,CA
431,Q1YR,CA
432,Q16R,CA
433,Q35Q,CA
434,Q3EK,CA
435,C04A,CA
436,A02Q,CA
437,A082,CA
438,Q18M,CA
439,Q34W,CA
440,Q2E7,CA
441,Q19A,CA
442,Q19B,CA
443,Q19I,CA
444,A0FC,CA
445,Q2E8,CA
446,Q1ZM,CA
447,Q1ZN,CA
448,E08A,CA
449,E08D,CA
450,E06D,CA
451,E01Z,CA
452,E00Y,CA
453,E00G,CA
454,Q2YG,CA
455,Q1ZO,CA
456,Q1ZP,CA
457,Q1AY,CA
458,Q1AZ,CA
459,Q1ZQ,CA
460,A0DR,CA
461,A0DS,CA
462,Q36L,CA
463,K01U,CA
464,Q1C2,CA
465,Q2F3,CA
466,Q1EA,CA
467,A0BY,CA
468,Q1FV,CA
469,Q1GG,CA
470,B00Y,CA
471,A02T,CA
472,Q3FA,CA
473,B07Q,CA
474,Q1HV,CA
475,Q1I9,CA
476,Q1ID,CA
477,Q20P,CA
478,Q2GS,CA
479,B08X,CA
480,Q3HV,CA
481,I0OV,CA
482,Q1J8,CA
483,Q1K2,CA
484,Q1K3,CA
485,I0RG,CA
486,E006,CA
487,I0LW,CA
488,B04B,CA
489,B04A,CA
490,B00P,CA
491,D02D,CA
492,D02H,CA
493,D02H,CA
494,D02A,CA
495,D04M,CA
496,A03Y,CA
497,I0MG,CA
498,Q38L,CA
499,Q1O2,CA
500,Q1OF,CA
501,Q1OS,CA
502,Q1OU,CA
503,Q2IS,CA
504,A0DV,CA
505,I019,CA
506,I031,CA
507,I01A,CA
508,I00N,CA
509,B03X,CA
510,Q222,CA
511,Q223,CA
512,K03F,CA
513,B08B,CA
514,Q3AF,CA
515,Q225,CA
516,A0DN,CA
517,K01W,CA
518,Q1SB,CA
519,C057,CA
520,C002,CA
521,Q2KB,CA
522,Q2KF,CA
523,Q2KH,CA
524,Q237,CA
525,Q238,CA
526,Q23C,CA
527,I0OY,CA
528,Q23K,CA
529,Q23L,CA
530,C02I,CA
531,A08K,CA
532,A08I,CA
533,A08L,CA
534,A08M,CA
535,Q2LO,CA
536,Q3GB,CA
537,B067,CA
538,A006,CA
539,E054,CA
540,Q1T9,CO
541,Q1TA,CO
542,I01Q,CO
543,B0B0,CO
544,B079,CO
545,B06R,CO
546,B094,CO
547,Q29P,CO
548,Q1WG,CO
549,Q0VV,CO
550,E000,CO
551,E020,CO
552,I01E,CO
553,Q2U7,CO
554,Q351,CO
555,A073,CO
556,E00F,CO
557,Q1ZY,CO
558,Q36W,CO
559,Q2YC,CO
560,Q204,CO
561,Q1G6,CO
562,Q2VH,CO
563,E006,CO
564,Q21I,CO
565,Q21J,CO
566,Q2WA,CO
567,B07N,CO
568,B074,CO
569,E054,CO
570,A0BX,CO
571,A0C2,CO
572,Q24K,CT
573,F029,CT
574,B0DM,CT
575,B079,CT
576,I02D,CT
577,C048,CT
578,C00F,CT
579,C00E,CT
580,Q1XL,CT
581,A0JE,CT
582,B07O,CT
583,Q2MZ,DE
584,B0DM,DE
585,B079,DE
586,C048,DE
587,C00F,DE
588,C00E,DE
589,Q2B8,DE
590,Q1XL,DE
591,A0JE,DE
592,Q2EL,DE
593,E04W,FL
594,P000,FL
595,P001,FL
596,F032,FL
597,D042,FL
598,D013,FL
599,B00Q,FL
600,B07G,FL
601,Q2RI,FL
602,I087,FL
603,B082,FL
604,Q1T7,FL
605,Q26B,FL
606,Q09E,FL
607,B0DM,FL
608,Q1TV,FL
609,A00F,FL
610,C00U,FL
611,Q1U6,FL
612,Q26X,FL
613,Q1U9,FL
614,B079,FL
615,C00S,FL
616,Q26Y,FL
617,Q3HJ,FL
618,Q272,FL
619,U000,FL
620,Q27C,FL
621,Q1UP,FL
622,Q3AG,FL
623,Q1UQ,FL
624,Q3HT,FL
625,C02J,FL
626,Q31F,FL
627,Q280,FL
628,I02Q,FL
629,Q28O,FL
630,Q28P,FL
631,C00F,FL
632,Q2RL,FL
633,Q2OH,FL
634,Q1VE,FL
635,Q1VF,FL
636,C026,FL
637,F03O,FL
638,F02E,FL
639,C00E,FL
640,Q29N,FL
641,Q29T,FL
642,E00H,FL
643,C03T,FL
644,A0JB,FL
645,Q2A5,FL
646,F03W,FL
647,F02T,FL
648,F02G,FL
649,Q2RJ,FL
650,Q3AL,FL
651,F030,FL
652,Q1WX,FL
653,Q0DR,FL
654,I016,FL
655,Q1XJ,FL
656,Q2BZ,FL
657,Q1XO,FL
658,F02Y,FL
659,C00O,FL
660,Q1XZ,FL
661,Q14I,FL
662,Q2PR,FL
663,Q1YP,FL
664,F03M,FL
665,F03N,FL
666,A0ET,FL
667,B06O,FL
668,A04J,FL
669,C03V,FL
670,A087,FL
671,C01T,FL
672,Q2E9,FL
673,G00Y,FL
674,A003,FL
675,A083,FL
676,K02F,FL
677,Q1ZV,FL
678,A086,FL
679,A08B,FL
680,A0C9,FL
681,A0CB,FL
682,A0BM,FL
683,A08C,FL
684,B04F,FL
685,Q208,FL
686,Q2G0,FL
687,F02S,FL
688,F03V,FL
689,B06Q,FL
690,Q20Q,FL
691,Q2GW,FL
692,Q20R,FL
693,Q20S,FL
694,E0A9,FL
695,Q20X,FL
696,F02N,FL
697,A008,FL
698,Q215,FL
699,Q217,FL
700,B00F,FL
701,Q2I4,FL
702,Q2I9,FL
703,B03I,FL
704,Q21P,FL
705,Q21W,FL
706,B07O,FL
707,I07G,FL
708,A0AA,FL
709,Q231,FL
710,R006,FL
711,A007,FL
712,S02G,FL
713,B03G,FL
714,F01B,FL
715,Q2M9,FL
716,Q2MA,FL
717,Q2WX,FL
718,E00B,GA
719,F032,GA
720,D042,GA
721,D013,GA
722,Q1ST,GA
723,Q02R,GA
724,A02O,GA
725,Q1TD,GA
726,B0DM,GA
727,C00U,GA
728,B079,GA
729,Q2SM,GA
730,E05Y,GA
731,C00F,GA
732,C026,GA
733,Q293,GA
734,F026,GA
735,F02E,GA
736,C00E,GA
737,E089,GA
738,E03J,GA
739,A02R,GA
740,U001,GA
741,Q3HO,GA
742,Q2B8,GA
743,S015,GA
744,S019,GA
745,Q1XL,GA
746,F02X,GA
747,F02Y,GA
748,C00O,GA
749,G0C2,GA
750,Q2CO,GA
751,Q1YT,GA
752,F038,GA
753,F039,GA
754,F03M,GA
755,F03N,GA
756,A02Q,GA
757,B06O,GA
758,A04J,GA
759,A0JE,GA
760,A000,GA
761,Q2EL,GA
762,E05F,GA
763,E05S,GA
764,E05H,GA
765,E010,GA
766,B04F,GA
767,F036,GA
768,F03B,GA
769,F03Z,GA
770,F02S,GA
771,E0A9,GA
772,Q2H9,GA
773,F037,GA
774,Q2HH,GA
775,Q2VT,GA
776,Q21B,GA
777,Q2I4,GA
778,Q2IA,GA
779,Q21P,GA
780,Q2R1,GA
781,Q231,GA
782,R006,GA
783,A007,GA
784,Q23D,GA
785,Q2RG,GA
786,Q2MP,GA
787,B043,GU
788,B091,GU
789,B05X,GU
790,C00E,GU
791,B062,GU
792,Q2PA,GU
793,I0R7,GU
794,B00T,GU
795,G0AC,GU
796,G0A8,GU
797,A07X,GU
798,A07W,GU
799,B063,GU
800,G0A7,GU
801,Q2QW,GU
802,Q3H0,GU
803,B061,GU
804,I0R8,GU
805,B064,GU
806,Q1SJ,HI
807,Q1SK,HI
808,Q1SL,HI
809,Q1SM,HI
810,G01J,HI
811,Q00G,HI
812,Q24I,HI
813,B00G,HI
814,J000,HI
815,S00M,HI
816,B000,HI
817,Q1SO,HI
818,Q01G,HI
819,B006,HI
820,B005,HI
821,Q1T2,HI
822,Q1T3,HI
823,Q25I,HI
824,S00Q,HI
825,S007,HI
826,S022,HI
827,S00N,HI
828,S01T,HI
829,Q3GT,HI
830,Q3HE,HI
831,Q2S3,HI
832,Q269,HI
833,Q08M,HI
834,Q2XY,HI
835,Q1TK,HI
836,Q1TN,HI
837,Q1TQ,HI
838,B00C,HI
839,Q1TR,HI
840,Q1TS,HI
841,B00D,HI
842,Q3HF,HI
843,Q1TX,HI
844,Q1TY,HI
845,Q0BB,HI
846,Q1U4,HI
847,Q30Q,HI
848,Q0EF,HI
849,B0AL,HI
850,Q0G6,HI
851,Q1UL,HI
852,Q317,HI
853,Q318,HI
854,Q1UM,HI
855,Q1UN,HI
856,Q3H1,HI
857,Q1UO,HI
858,B004,HI
859,S01I,HI
860,Q3GJ,HI
861,Q31J,HI
862,Q1V0,HI
863,Q1LP,HI
864,Q31K,HI
865,Q3GV,HI
866,Q1V1,HI
867,Q3MS,HI
868,Q31L,HI
869,Q3HA,HI
870,Q31M,HI
871,Q1V2,HI
872,Q2SR,HI
873,Q2SS,HI
874,Q3GW,HI
875,Q0IN,HI
876,Q3MT,HI
877,Q3GP,HI
878,Q3H2,HI
879,Q0IO,HI
880,Q0IP,HI
881,Q2ST,HI
882,Q3GQ,HI
883,Q2SU,HI
884,Q31P,HI
885,Q0IS,HI
886,Q1V3,HI
887,Q31Q,HI
888,Q284,HI
889,Q285,HI
890,Q31S,HI
891,Q31T,HI
892,Q1LR,HI
893,Q31V,HI
894,Q3GK,HI
895,Q0LV,HI
896,Q1V4,HI
897,Q0IV,HI
898,Q1V5,HI
899,Q286,HI
900,Q1V6,HI
901,Q0IX,HI
902,Q31W,HI
903,Q31X,HI
904,Q35R,HI
905,Q2Q0,HI
906,Q321,HI
907,Q28B,HI
908,Q322,HI
909,Q0JV,HI
910,Q2SY,HI
911,Q28C,HI
912,Q28D,HI
913,Q0KJ,HI
914,Q326,HI
915,Q28I,HI
916,Q0KX,HI
917,Q32A,HI
918,Q3MU,HI
919,Q1V8,HI
920,Q32B,HI
921,Q1V9,HI
922,Q32C,HI
923,Q32D,HI
924,Q0LK,HI
925,Q1VA,HI
926,Q1VB,HI
927,Q0LX,HI
928,C00F,HI
929,S00P,HI
930,S00R,HI
931,S02H,HI
932,S028,HI
933,I0QW,HI
934,I0RE,HI
935,I0QY,HI
936,I0RC,HI
937,I0QZ,HI
938,I0R0,HI
939,I0R1,HI
940,I0R2,HI
941,I0R3,HI
942,I0R4,HI
943,I0RD,HI
944,I0QX,HI
945,I0R5,HI
946,I0R6,HI
947,S02I,HI
948,Q2T8,HI
949,Q32N,HI
950,Q3MV,HI
951,Q3MW,HI
952,Q1VK,HI
953,Q32P,HI
954,Q3H3,HI
955,Q32Q,HI
956,Q0O6,HI
957,Q0PH,HI
958,C00E,HI
959,G0C0,HI
960,Q33F,HI
961,Q1U7,HI
962,Q1U8,HI
963,Q3HH,HI
964,Q0UD,HI
965,Q1UA,HI
966,Q3GN,HI
967,Q30T,HI
968,Q1UC,HI
969,Q1UD,HI
970,Q3GO,HI
971,Q1UE,HI
972,Q2A6,HI
973,Q33K,HI
974,B04G,HI
975,B00H,HI
976,Q1WJ,HI
977,Q3GR,HI
978,Q1WL,HI
979,Q3HM,HI
980,Q3DB,HI
981,Q33O,HI
982,Q2AI,HI
983,Q1WP,HI
984,Q1WQ,HI
985,Q1WR,HI
986,Q1WW,HI
987,Q1X1,HI
988,Q33Y,HI
989,B048,HI
990,B001,HI
991,Q1X7,HI
992,Q1X8,HI
993,Q1X9,HI
994,Q1XB,HI
995,Q0ZE,HI
996,Q0ZF,HI
997,Q3GL,HI
998,Q2BC,HI
999,Q1XE,HI
1000,Q1XF,HI
1001,Q1XG,HI
1002,B04C,HI
1003,S01K,HI
1004,S01L,HI
1005,Q2BT,HI
1006,Q2BU,HI
1007,Q108,HI
1008,Q109,HI
1009,Q1XK,HI
1010,Q1WY,HI
1011,Q1WZ,HI
1012,Q1X0,HI
1013,Q1X2,HI
1014,Q1X5,HI
1015,Q3GX,HI
1016,Q3HP,HI
1017,Q3HQ,HI
1018,Q1XP,HI
1019,Q1XQ,HI
1020,Q1XR,HI
1021,Q34P,HI
1022,Q2C2,HI
1023,Q34Q,HI
1024,Q2C3,HI
1025,Q34R,HI
1026,Q2C4,HI
1027,Q3GM,HI
1028,Q11Y,HI
1029,A03W,HI
1030,Q12Y,HI
1031,C00V,HI
1032,Q1Y4,HI
1033,Q2CS,HI
1034,Q1YC,HI
1035,Q2CY,HI
1036,Q1YJ,HI
1037,Q2D1,HI
1038,Q14Y,HI
1039,Q2D2,HI
1040,Q1YK,HI
1041,Q1YL,HI
1042,B00K,HI
1043,B0AF,HI
1044,B044,HI
1045,B045,HI
1046,Q35G,HI
1047,Q2DG,HI
1048,Q3MX,HI
1049,Q35J,HI
1050,Q35K,HI
1051,Q3MY,HI
1052,Q3MZ,HI
1053,Q3H4,HI
1054,I0AL,HI
1055,S00U,HI
1056,I05V,HI
1057,I05X,HI
1058,I05U,HI
1059,I062,HI
1060,I064,HI
1061,B04N,HI
1062,Q2D0,HI
1063,Q35V,HI
1064,Q1YU,HI
1065,Q1YV,HI
1066,Q1YX,HI
1067,Q1YY,HI
1068,Q2DJ,HI
1069,Q1YZ,HI
1070,Q1Z0,HI
1071,Q1Z2,HI
1072,Q1Z3,HI
1073,Q1Z4,HI
1074,Q1Z7,HI
1075,Q1Z8,HI
1076,Q1Z9,HI
1077,Q35Y,HI
1078,Q1ZA,HI
1079,Q1ZB,HI
1080,Q17M,HI
1081,Q1ZC,HI
1082,Q09U,HI
1083,B00I,HI
1084,B04E,HI
1085,B04D,HI
1086,B00S,HI
1087,Q36D,HI
1088,Q3N0,HI
1089,Q193,HI
1090,Q2E5,HI
1091,Q36E,HI
1092,Q1ZH,HI
1093,Q19L,HI
1094,Q1ZI,HI
1095,G09U,HI
1096,Q1ZJ,HI
1097,Q1ZK,HI
1098,Q1ZL,HI
1099,Q2UX,HI
1100,B0AI,HI
1101,B04M,HI
1102,B00E,HI
1103,Q1ZR,HI
1104,Q1BJ,HI
1105,B04H,HI
1106,B046,HI
1107,G0AG,HI
1108,G0AH,HI
1109,Q201,HI
1110,Q202,HI
1111,B00Y,HI
1112,Q37F,HI
1113,Q1GZ,HI
1114,Q206,HI
1115,Q1H1,HI
1116,Q3H5,HI
1117,Q3GS,HI
1118,Q1H2,HI
1119,Q3AE,HI
1120,Q2FT,HI
1121,Q1H5,HI
1122,Q37A,HI
1123,Q3N1,HI
1124,Q37B,HI
1125,Q378,HI
1126,Q37C,HI
1127,Q37E,HI
1128,Q2G8,HI
1129,Q2G9,HI
1130,Q37I,HI
1131,Q37S,HI
1132,Q20M,HI
1133,Q2GE,HI
1134,Q37U,HI
1135,Q37V,HI
1136,Q1I5,HI
1137,Q37W,HI
1138,Q3HU,HI
1139,Q2GJ,HI
1140,Q37X,HI
1141,Q2GL,HI
1142,Q20O,HI
1143,Q2GQ,HI
1144,Q22G,HI
1145,Q3N2,HI
1146,Q22F,HI
1147,Q22R,HI
1148,Q1ZG,HI
1149,Q20T,HI
1150,Q1JK,HI
1151,Q38C,HI
1152,Q2VM,HI
1153,Q1JR,HI
1154,Q38B,HI
1155,Q20W,HI
1156,Q38D,HI
1157,Q1JS,HI
1158,Q2VN,HI
1159,Q38E,HI
1160,B00M,HI
1161,B00J,HI
1162,Q1KB,HI
1163,Q3H6,HI
1164,Q38F,HI
1165,Q20Y,HI
1166,Q1KE,HI
1167,S00W,HI
1168,B00N,HI
1169,B04O,HI
1170,Q213,HI
1171,Q214,HI
1172,Q2YH,HI
1173,Q38R,HI
1174,Q1MF,HI
1175,Q2HX,HI
1176,Q21C,HI
1177,Q21E,HI
1178,Q2VV,HI
1179,Q3H7,HI
1180,Q2VW,HI
1181,Q1MU,HI
1182,Q2VX,HI
1183,Q1MV,HI
1184,Q21F,HI
1185,Q38U,HI
1186,Q1MW,HI
1187,Q2YL,HI
1188,Q2VY,HI
1189,Q1MY,HI
1190,Q38V,HI
1191,Q1SQ,HI
1192,Q21G,HI
1193,Q1N2,HI
1194,Q2W0,HI
1195,Q2W1,HI
1196,Q2W2,HI
1197,Q1SR,HI
1198,Q1N3,HI
1199,Q2X3,HI
1200,Q2IM,HI
1201,Q393,HI
1202,Q21N,HI
1203,Q2IX,HI
1204,Q21O,HI
1205,Q39A,HI
1206,Q21Q,HI
1207,Q21S,HI
1208,K022,HI
1209,Q39H,HI
1210,Q21Z,HI
1211,Q39K,HI
1212,Q39L,HI
1213,Q39M,HI
1214,Q220,HI
1215,Q3H8,HI
1216,B009,HI
1217,B00A,HI
1218,Q226,HI
1219,Q227,HI
1220,Q228,HI
1221,Q229,HI
1222,Q22A,HI
1223,Q22B,HI
1224,Q3A0,HI
1225,Q23M,HI
1226,K03C,HI
1227,Q23Q,HI
1228,Q23R,HI
1229,Q23S,HI
1230,Q23T,HI
1231,Q23U,HI
1232,Q23V,HI
1233,Q23W,HI
1234,Q244,HI
1235,Q245,HI
1236,Q2MK,HI
1237,Q3A7,HI
1238,Q246,HI
1239,Q3H9,HI
1240,Q1SN,IA
1241,Q1T6,IA
1242,B079,IA
1243,F00X,IA
1244,G00T,IA
1245,I011,IA
1246,F009,IA
1247,Q2CB,IA
1248,A0JE,IA
1249,A000,IA
1250,E07R,IA
1251,I0W1,IA
1252,Q2GG,IA
1253,Q2YD,IA
1254,F046,IA
1255,E06X,IA
1256,B07N,IA
1257,E087,ID
1258,B06R,ID
1259,Q2RM,ID
1260,G05Q,ID
1261,A073,ID
1262,Q1ZF,ID
1263,G01L,ID
1264,G03R,ID
1265,A088,ID
1266,E065,ID
1267,Q1P9,ID
1268,Q2WA,ID
1269,G01K,ID
1270,A0EK,ID
1271,A001,ID
1272,Q1SW,IL
1273,Q1T6,IL
1274,Q26A,IL
1275,B0DM,IL
1276,B079,IL
1277,Q276,IL
1278,F00X,IL
1279,F02H,IL
1280,Q28M,IL
1281,G00T,IL
1282,F03J,IL
1283,K021,IL
1284,Q2U6,IL
1285,Q1XL,IL
1286,F00G,IL
1287,F009,IL
1288,F00W,IL
1289,Q2CB,IL
1290,I00F,IL
1291,A04J,IL
1292,A0JE,IL
1293,A000,IL
1294,Q2GG,IL
1295,F00R,IL
1296,F046,IL
1297,F01D,IL
1298,F00T,IL
1299,F03X,IL
1300,E06X,IL
1301,I06P,IL
1302,B07N,IL
1303,Q1T6,IN
1304,B0DM,IN
1305,B079,IN
1306,Q276,IN
1307,F02H,IN
1308,F007,IN
1309,F02Z,IN
1310,F03J,IN
1311,I00F,IN
1312,A04J,IN
1313,A0JE,IN
1314,A000,IN
1315,I00K,IN
1316,C03X,IN
1317,Q139,IN
1318,Q2GG,IN
1319,F046,IN
1320,F01D,IN
1321,F00P,IN
1322,F00T,IN
1323,F03X,IN
1324,Q21U,IN
1325,B07N,IN
1326,Q2RE,IN
1327,F01A,IN
1328,Q1T6,KS
1329,B0DM,KS
1330,B079,KS
1331,F00X,KS
1332,B003,KS
1333,F00F,KS
1334,A004,KS
1335,A04J,KS
1336,A0JE,KS
1337,I028,KS
1338,E05X,KS
1339,E07R,KS
1340,E03S,KS
1341,Q2YD,KS
1342,F03X,KS
1343,E06X,KS
1344,B07N,KS
1345,F01K,KY
1346,Q1SW,KY
1347,Q1SY,KY
1348,Q25F,KY
1349,K03K,KY
1350,Q1UR,KY
1351,A080,KY
1352,F00X,KY
1353,F02H,KY
1354,F01F,KY
1355,F01T,KY
1356,F010,KY
1357,F006,KY
1358,F02Z,KY
1359,F03J,KY
1360,E086,KY
1361,E078,KY
1362,E05R,KY
1363,F00G,KY
1364,Q12F,KY
1365,A04J,KY
1366,A0JE,KY
1367,A000,KY
1368,E04E,KY
1369,F00S,KY
1370,K01X,KY
1371,F00L,KY
1372,E05I,KY
1373,Q139,KY
1374,F00R,KY
1375,F046,KY
1376,F01D,KY
1377,F00P,KY
1378,F01Y,KY
1379,F00T,KY
1380,F041,KY
1381,F03X,KY
1382,E06X,KY
1383,Q21T,KY
1384,Q21U,KY
1385,Q2R1,KY
1386,B07N,KY
1387,Q2RE,KY
1388,F000,KY
1389,E04W,LA
1390,B0DM,LA
1391,C00U,LA
1392,B079,LA
1393,C00F,LA
1394,C00E,LA
1395,Q1WK,LA
1396,C044,LA
1397,C022,LA
1398,S00T,LA
1399,F00G,LA
1400,C00O,LA
1401,F02C,LA
1402,A0JE,LA
1403,B04F,LA
1404,F00T,LA
1405,F01O,LA
1406,F03X,LA
1407,E06X,LA
1408,Q2I4,LA
1409,B07N,LA
1410,A007,LA
1411,Q24K,MA
1412,F029,MA
1413,B0DM,MA
1414,B079,MA
1415,I02C,MA
1416,I02D,MA
1417,C048,MA
1418,C00F,MA
1419,C00E,MA
1420,Q1XL,MA
1421,A0JE,MA
1422,I028,MA
1423,C021,MA
1424,Q21H,MA
1425,B07O,MA
1426,Q24J,MD
1427,Q24K,MD
1428,F029,MD
1429,B0DM,MD
1430,B079,MD
1431,I02C,MD
1432,I02D,MD
1433,C048,MD
1434,C00F,MD
1435,C00E,MD
1436,E003,MD
1437,Q2B8,MD
1438,A0JE,MD
1439,Q2EL,MD
1440,Q2H9,MD
1441,Q21H,MD
1442,K004,MD
1443,B0DM,ME
1444,B079,ME
1445,C00F,ME
1446,C00E,ME
1447,Q1XL,ME
1448,A073,ME
1449,A0JE,ME
1450,Q1ZW,ME
1451,Q2GG,ME
1452,E07L,ME
1453,B07O,ME
1454,S00O,MI
1455,I02B,MI
1456,B0DM,MI
1457,A00D,MI
1458,B079,MI
1459,Q276,MI
1460,F02Z,MI
1461,F03J,MI
1462,Q2U6,MI
1463,Q2BS,MI
1464,Q1XL,MI
1465,I00F,MI
1466,A073,MI
1467,Q2DN,MI
1468,A0JE,MI
1469,A000,MI
1470,I00K,MI
1471,C03X,MI
1472,I0W1,MI
1473,Q2GG,MI
1474,F01D,MI
1475,B03I,MI
1476,Q2J5,MI
1477,I06P,MI
1478,F01A,MI
1479,A00D,MN
1480,B079,MN
1481,F00X,MN
1482,F03J,MN
1483,Q2A1,MN
1484,I011,MN
1485,F009,MN
1486,Q2CB,MN
1487,I00F,MN
1488,A073,MN
1489,A0JE,MN
1490,E07R,MN
1491,I0W1,MN
1492,Q2YD,MN
1493,F046,MN
1494,F00C,MN
1495,Q392,MN
1496,E02J,MO
1497,G04I,MO
1498,Q1T6,MO
1499,Q26A,MO
1500,B0DM,MO
1501,K02J,MO
1502,B079,MO
1503,A075,MO
1504,E0AC,MO
1505,D032,MO
1506,F00X,MO
1507,F00J,MO
1508,F03J,MO
1509,E02B,MO
1510,Q1WK,MO
1511,Q2P9,MO
1512,Q1XL,MO
1513,F00G,MO
1514,F009,MO
1515,F00F,MO
1516,F00W,MO
1517,Q2CO,MO
1518,A04J,MO
1519,A0JE,MO
1520,A000,MO
1521,E07R,MO
1522,E03S,MO
1523,Q2CC,MO
1524,B04F,MO
1525,Q2GG,MO
1526,Q2YD,MO
1527,F046,MO
1528,F00T,MO
1529,F03X,MO
1530,F00C,MO
1531,E06X,MO
1532,I06P,MO
1533,B07N,MO
1534,Q2RE,MO
1535,B043,MP
1536,B091,MP
1537,B05X,MP
1538,A0I9,MP
1539,C00E,MP
1540,B062,MP
1541,Q2PA,MP
1542,I0R7,MP
1543,B00T,MP
1544,Q3GY,MP
1545,Q3GZ,MP
1546,G0AC,MP
1547,G0AI,MP
1548,A07X,MP
1549,G0A7,MP
1550,Q2QW,MP
1551,Q3H0,MP
1552,I0R8,MP
1553,B065,MP
1554,E04W,MS
1555,Q1SW,MS
1556,A02O,MS
1557,B0DM,MS
1558,C00U,MS
1559,B079,MS
1560,C00F,MS
1561,F01F,MS
1562,F012,MS
1563,F03J,MS
1564,C00E,MS
1565,E01S,MS
1566,C044,MS
1567,C025,MS
1568,C022,MS
1569,B04I,MS
1570,S00T,MS
1571,F01S,MS
1572,C00O,MS
1573,Q2CO,MS
1574,F038,MS
1575,A02Q,MS
1576,B06O,MS
1577,A04J,MS
1578,A0JE,MS
1579,A000,MS
1580,I00K,MS
1581,E010,MS
1582,B04F,MS
1583,C029,MS
1584,F046,MS
1585,F011,MS
1586,F036,MS
1587,F013,MS
1588,F035,MS
1589,F01Y,MS
1590,F00T,MS
1591,F01O,MS
1592,E0A9,MS
1593,C01W,MS
1594,F03X,MS
1595,F027,MS
1596,D031,MS
1597,E06X,MS
1598,B07N,MS
1599,A007,MS
1600,E087,MT
1601,B0DM,MT
1602,B079,MT
1603,B06R,MT
1604,B003,MT
1605,Q2RM,MT
1606,A073,MT
1607,A004,MT
1608,A0JE,MT
1609,E065,MT
1610,E06X,MT
1611,Q1P9,MT
1612,Q2WA,MT
1613,B07N,MT
1614,A001,MT
1615,E00B,NC
1616,E0A7,NC
1617,Q24J,NC
1618,F029,NC
1619,F01J,NC
1620,Q2MZ,NC
1621,B0DM,NC
1622,A00F,NC
1623,Q1U0,NC
1624,C00U,NC
1625,Q3HD,NC
1626,B079,NC
1627,A080,NC
1628,C00F,NC
1629,Q293,NC
1630,F015,NC
1631,C00E,NC
1632,E012,NC
1633,Q1WM,NC
1634,A09M,NC
1635,U001,NC
1636,Q2B3,NC
1637,Q2B7,NC
1638,Q2B8,NC
1639,Q1XA,NC
1640,Q2U5,NC
1641,Q1XL,NC
1642,F02L,NC
1643,C00O,NC
1644,Q2CI,NC
1645,Q2CO,NC
1646,Q2DF,NC
1647,E01P,NC
1648,J014,NC
1649,B06O,NC
1650,A04J,NC
1651,A0JE,NC
1652,A000,NC
1653,I0MZ,NC
1654,E01N,NC
1655,Q2EL,NC
1656,G00V,NC
1657,F00L,NC
1658,E01G,NC
1659,B04F,NC
1660,F025,NC
1661,Q2H9,NC
1662,Q2HH,NC
1663,Q219,NC
1664,Q21B,NC
1665,Q2I0,NC
1666,Q2I4,NC
1667,Q39D,NC
1668,Q2J7,NC
1669,Q2R1,NC
1670,B07O,NC
1671,Q231,NC
1672,A007,NC
1673,F000,NC
1674,B0DM,ND
1675,B079,ND
1676,B003,ND
1677,I011,ND
1678,A0JE,ND
1679,I0W1,ND
1680,Q2YD,ND
1681,E06X,ND
1682,B07N,ND
1683,B0DM,NE
1684,B079,NE
1685,I0QR,NE
1686,Q0VV,NE
1687,B003,NE
1688,F00W,NE
1689,A0JE,NE
1690,I028,NE
1691,E07R,NE
1692,Q2EX,NE
1693,Q2YD,NE
1694,E06X,NE
1695,Q2WA,NE
1696,B07N,NE
1697,F029,NH
1698,Q1TC,NH
1699,B0DM,NH
1700,B079,NH
1701,C00F,NH
1702,C00E,NH
1703,Q1XL,NH
1704,A0JE,NH
1705,Q21H,NH
1706,B07O,NH
1707,Q24J,NJ
1708,F029,NJ
1709,Q2MZ,NJ
1710,B0DM,NJ
1711,B079,NJ
1712,I02C,NJ
1713,C048,NJ
1714,C00F,NJ
1715,C00E,NJ
1716,Q2B8,NJ
1717,Q1XL,NJ
1718,A0JE,NJ
1719,A000,NJ
1720,Q216,NJ
1721,Q2I4,NJ
1722,B07O,NJ
1723,Q1T1,NM
1724,G03K,NM
1725,Q1T9,NM
1726,A00E,NM
1727,E063,NM
1728,B079,NM
1729,Q277,NM
1730,B06R,NM
1731,Q1UW,NM
1732,Q1UX,NM
1733,C01S,NM
1734,E04B,NM
1735,Q1VW,NM
1736,B094,NM
1737,Q1W4,NM
1738,Q1W7,NM
1739,E00V,NM
1740,K023,NM
1741,E02P,NM
1742,E028,NM
1743,Q24C,NM
1744,Q0YJ,NM
1745,E07I,NM
1746,Q34D,NM
1747,G04C,NM
1748,A0AD,NM
1749,A0AE,NM
1750,A073,NM
1751,E05J,NM
1752,A004,NM
1753,E05X,NM
1754,E04F,NM
1755,E00E,NM
1756,A040,NM
1757,Q1ZY,NM
1758,D019,NM
1759,E00C,NM
1760,E006,NM
1761,G03S,NM
1762,G05P,NM
1763,G03T,NM
1764,D02F,NM
1765,Q21J,NM
1766,B07N,NM
1767,B074,NM
1768,C04Q,NM
1769,C051,NM
1770,K01Y,NM
1771,E03X,NM
1772,G03Q,NM
1773,E054,NM
1774,A0BX,NM
1775,I023,NV
1776,Q1TB,NV
1777,E057,NV
1778,Q1U5,NV
1779,E001,NV
1780,B06R,NV
1781,E04U,NV
1782,E04Q,NV
1783,E04T,NV
1784,E009,NV
1785,E042,NV
1786,E00W,NV
1787,E007,NV
1788,B094,NV
1789,Q297,NV
1790,E03C,NV
1791,Q2OR,NV
1792,E020,NV
1793,E00R,NV
1794,E02A,NV
1795,Q2AM,NV
1796,Q1XM,NV
1797,Q34J,NV
1798,E04P,NV
1799,E04L,NV
1800,Q1ZD,NV
1801,E002,NV
1802,Q2E8,NV
1803,E00Y,NV
1804,E00Z,NV
1805,I0RG,NV
1806,E03E,NV
1807,E03A,NV
1808,E03B,NV
1809,E065,NV
1810,Q2WA,NV
1811,E054,NV
1812,Q1SN,NY
1813,Q24K,NY
1814,F029,NY
1815,Q2MZ,NY
1816,S00O,NY
1817,B0DM,NY
1818,B079,NY
1819,C048,NY
1820,C00F,NY
1821,C00E,NY
1822,Q1XL,NY
1823,I00F,NY
1824,A0JE,NY
1825,A000,NY
1826,F01D,NY
1827,Q392,NY
1828,Q21H,NY
1829,Q2J5,NY
1830,B07O,NY
1831,G00P,NY
1832,F01A,NY
1833,Q1SN,OH
1834,B0DM,OH
1835,B079,OH
1836,F02H,OH
1837,F006,OH
1838,F007,OH
1839,F02Z,OH
1840,F03J,OH
1841,Q2U6,OH
1842,Q1XL,OH
1843,F00G,OH
1844,I00F,OH
1845,A0JE,OH
1846,A000,OH
1847,I00K,OH
1848,C03X,OH
1849,I028,OH
1850,E01T,OH
1851,Q2GG,OH
1852,F046,OH
1853,F01D,OH
1854,F03X,OH
1855,Q2R1,OH
1856,Q2RE,OH
1857,F01A,OH
1858,E02J,OK
1859,F00U,OK
1860,B0DM,OK
1861,B079,OK
1862,A075,OK
1863,B003,OK
1864,F00F,OK
1865,F00W,OK
1866,A04J,OK
1867,A0JE,OK
1868,A000,OK
1869,I028,OK
1870,E05X,OK
1871,E03S,OK
1872,E017,OK
1873,B04F,OK
1874,Q2H9,OK
1875,F03X,OK
1876,F00C,OK
1877,B07N,OK
1878,B07T,OK
1879,Q1SX,OR
1880,Q25T,OR
1881,B08C,OR
1882,K03G,OR
1883,A00D,OR
1884,C00U,OR
1885,Q26U,OR
1886,E057,OR
1887,Q0E9,OR
1888,B07C,OR
1889,E055,OR
1890,B06R,OR
1891,E052,OR
1892,C00F,OR
1893,B0B3,OR
1894,Q2TF,OR
1895,I0T6,OR
1896,Q0V6,OR
1897,E02S,OR
1898,E027,OR
1899,Q2RM,OR
1900,I0IS,OR
1901,C00V,OR
1902,Q1Y0,OR
1903,Q2CL,OR
1904,Q1YN,OR
1905,Q356,OR
1906,Q35E,OR
1907,A073,OR
1908,Q1ZF,OR
1909,A002,OR
1910,E08A,OR
1911,E08D,OR
1912,E06Y,OR
1913,E06D,OR
1914,E00Y,OR
1915,E09Q,OR
1916,Q1AZ,OR
1917,B00Y,OR
1918,Q1HU,OR
1919,D02A,OR
1920,E03D,OR
1921,E065,OR
1922,Q21M,OR
1923,Q1P9,OR
1924,I01A,OR
1925,Q221,OR
1926,B08B,OR
1927,Q2K9,OR
1928,Q23K,OR
1929,E00B,PA
1930,F029,PA
1931,B079,PA
1932,C048,PA
1933,F02Z,PA
1934,F03J,PA
1935,Q1XL,PA
1936,A0JE,PA
1937,A000,PA
1938,F046,PA
1939,F01D,PA
1940,F03X,PA
1941,Q21H,PA
1942,F01A,PA
1943,B06Z,PR
1944,S01O,PR
1945,B05T,PR
1946,B00L,PR
1947,C01O,PR
1948,Q2YY,PR
1949,Q25J,PR
1950,Q2ZU,PR
1951,Q266,PR
1952,B06Y,PR
1953,Q26G,PR
1954,Q26J,PR
1955,Q26M,PR
1956,B04J,PR
1957,Q30M,PR
1958,Q26W,PR
1959,B049,PR
1960,Q27F,PR
1961,Q27I,PR
1962,Q3A8,PR
1963,Q27R,PR
1964,S01J,PR
1965,C01R,PR
1966,Q28N,PR
1967,C00F,PR
1968,S01U,PR
1969,D00X,PR
1970,D00D,PR
1971,D03V,PR
1972,C00P,PR
1973,C02E,PR
1974,C01Q,PR
1975,C00E,PR
1976,Q2A2,PR
1977,Q3D7,PR
1978,Q2TT,PR
1979,Q2AL,PR
1980,Q2TV,PR
1981,Q2AX,PR
1982,Q2BO,PR
1983,Q3AB,PR
1984,Q34N,PR
1985,Q2C5,PR
1986,Q34Y,PR
1987,Q35F,PR
1988,Q2DQ,PR
1989,Q2DR,PR
1990,Q2Q6,PR
1991,Q2EK,PR
1992,D00M,PR
1993,Q2F6,PR
1994,Q2GH,PR
1995,S01V,PR
1996,Q2W3,PR
1997,B07V,PR
1998,Q2J3,PR
1999,C038,PR
2000,Q2JA,PR
2001,B07O,PR
2002,Q2R6,PR
2003,S01W,PR
2004,Q2JL,PR
2005,Q2JM,PR
2006,S01Y,PR
2007,S01Z,PR
2008,S020,PR
2009,A007,PR
2010,Q2KU,PR
2011,Q0GP,PR
2012,Q3A6,PR
2013,Q2MX,PR
2014,Q24K,RI
2015,B0DM,RI
2016,B079,RI
2017,C00F,RI
2018,C00E,RI
2019,Q1XL,RI
2020,A0JE,RI
2021,I028,RI
2022,B07O,RI
2023,E00B,SC
2024,Q2MZ,SC
2025,D013,SC
2026,Q1ST,SC
2027,B0DM,SC
2028,A00F,SC
2029,C00U,SC
2030,B079,SC
2031,C00F,SC
2032,Q293,SC
2033,C00E,SC
2034,U001,SC
2035,Q2B7,SC
2036,Q2B8,SC
2037,Q1XA,SC
2038,S015,SC
2039,Q1XL,SC
2040,F02L,SC
2041,C00O,SC
2042,Q2CO,SC
2043,Q2DF,SC
2044,B06O,SC
2045,A0JE,SC
2046,Q2EL,SC
2047,B04F,SC
2048,Q2H9,SC
2049,Q2HH,SC
2050,Q217,SC
2051,Q219,SC
2052,Q2I0,SC
2053,Q2I4,SC
2054,B03I,SC
2055,Q39D,SC
2056,A007,SC
2057,Q23D,SC
2058,Q2RG,SC
2059,B03G,SC
2060,B0DM,SD
2061,B079,SD
2062,B003,SD
2063,I011,SD
2064,F009,SD
2065,F00W,SD
2066,A004,SD
2067,A0JE,SD
2068,I028,SD
2069,E07R,SD
2070,I0W1,SD
2071,Q2YD,SD
2072,Q392,SD
2073,E06X,SD
2074,B07N,SD
2075,F01K,TN
2076,F01J,TN
2077,G00W,TN
2078,Q1SW,TN
2079,Q1SY,TN
2080,Q25F,TN
2081,S00O,TN
2082,Q2Z8,TN
2083,G016,TN
2084,E0AR,TN
2085,Q315,TN
2086,Q1UR,TN
2087,A080,TN
2088,F00X,TN
2089,E05Y,TN
2090,F02H,TN
2091,Q28M,TN
2092,F00K,TN
2093,F01F,TN
2094,F01T,TN
2095,F005,TN
2096,F010,TN
2097,F02F,TN
2098,F02D,TN
2099,F002,TN
2100,F003,TN
2101,F03J,TN
2102,F004,TN
2103,E012,TN
2104,E01X,TN
2105,E01B,TN
2106,E078,TN
2107,E076,TN
2108,E05R,TN
2109,E05P,TN
2110,F00Q,TN
2111,F00O,TN
2112,Q1WM,TN
2113,A09M,TN
2114,U001,TN
2115,Q2B3,TN
2116,Q3HO,TN
2117,F01X,TN
2118,Q1XL,TN
2119,F00G,TN
2120,F02X,TN
2121,F00A,TN
2122,F00I,TN
2123,Q13H,TN
2124,F039,TN
2125,J014,TN
2126,A04J,TN
2127,A0JE,TN
2128,A000,TN
2129,E02C,TN
2130,E07F,TN
2131,E01Y,TN
2132,E03T,TN
2133,F00S,TN
2134,K01S,TN
2135,F00L,TN
2136,E05F,TN
2137,E05H,TN
2138,E010,TN
2139,E05I,TN
2140,Q139,TN
2141,Q2QK,TN
2142,F00M,TN
2143,F00R,TN
2144,F046,TN
2145,F01D,TN
2146,F03B,TN
2147,F033,TN
2148,F03Z,TN
2149,F035,TN
2150,F00P,TN
2151,F01Y,TN
2152,F037,TN
2153,F041,TN
2154,G027,TN
2155,F03X,TN
2156,F00V,TN
2157,F00E,TN
2158,F00D,TN
2159,E06X,TN
2160,Q2IA,TN
2161,Q2J7,TN
2162,Q2R1,TN
2163,B07N,TN
2164,F00B,TN
2165,F001,TN
2166,F000,TN
2167,Q2MP,TN
2168,Q24E,TX
2169,Q1SS,TX
2170,G03K,TX
2171,Q07V,TX
2172,Q2XW,TX
2173,I0I9,TX
2174,I0PT,TX
2175,D004,TX
2176,B0DM,TX
2177,Q1TT,TX
2178,C00U,TX
2179,B079,TX
2180,J01A,TX
2181,J019,TX
2182,J01D,TX
2183,J01B,TX
2184,B06R,TX
2185,Q1UU,TX
2186,Q1UV,TX
2187,Q1UX,TX
2188,Q27U,TX
2189,E023,TX
2190,E008,TX
2191,B07W,TX
2192,C00F,TX
2193,E03V,TX
2194,Q294,TX
2195,Q1VY,TX
2196,Q1W0,TX
2197,Q1W2,TX
2198,B094,TX
2199,C00E,TX
2200,E00T,TX
2201,D02X,TX
2202,D00I,TX
2203,D02S,TX
2204,D010,TX
2205,D02T,TX
2206,D033,TX
2207,B06V,TX
2208,E004,TX
2209,E005,TX
2210,E00V,TX
2211,K020,TX
2212,K024,TX
2213,Q1WK,TX
2214,B003,TX
2215,Q0YJ,TX
2216,A05H,TX
2217,I0MH,TX
2218,Q0ZH,TX
2219,Q1XI,TX
2220,Q2RK,TX
2221,Q34U,TX
2222,A084,TX
2223,C00O,TX
2224,A0AE,TX
2225,Q2PE,TX
2226,Q13L,TX
2227,Q1YS,TX
2228,J018,TX
2229,J00B,TX
2230,I028,TX
2231,E05Z,TX
2232,E05X,TX
2233,E04K,TX
2234,B01A,TX
2235,Q205,TX
2236,B04F,TX
2237,Q20U,TX
2238,G04W,TX
2239,G00X,TX
2240,Q211,TX
2241,I0RF,TX
2242,I0P1,TX
2243,I0IB,TX
2244,Q1SV,TX
2245,Q21X,TX
2246,B07N,TX
2247,B074,TX
2248,K019,TX
2249,I0MI,TX
2250,Q224,TX
2251,J00A,TX
2252,I0IA,TX
2253,J016,TX
2254,J008,TX
2255,J009,TX
2256,Q1SH,TX
2257,A007,TX
2258,G013,TX
2259,G05D,TX
2260,B00O,TX
2261,D001,TX
2262,B07T,TX
2263,Q24A,TX
2264,Q1SZ,UT
2265,Q25M,UT
2266,Q2ZA,UT
2267,Q05R,UT
2268,Q2NC,UT
2269,Q260,UT
2270,Q1U1,UT
2271,B0B0,UT
2272,E050,UT
2273,B06R,UT
2274,Q1V7,UT
2275,A04A,UT
2276,B094,UT
2277,E000,UT
2278,E020,UT
2279,E02A,UT
2280,C04L,UT
2281,Q1XV,UT
2282,Q1XY,UT
2283,A073,UT
2284,E00F,UT
2285,E00Y,UT
2286,G01M,UT
2287,Q200,UT
2288,Q2QA,UT
2289,Q2QB,UT
2290,Q203,UT
2291,E00Z,UT
2292,Q2H5,UT
2293,E006,UT
2294,Q212,UT
2295,Q38X,UT
2296,Q2QU,UT
2297,Q1N9,UT
2298,Q3KI,UT
2299,Q3N6,UT
2300,Q21K,UT
2301,Q3LJ,UT
2302,Q2WA,UT
2303,B074,UT
2304,Q234,UT
2305,E054,UT
2306,Q24J,VA
2307,F029,VA
2308,Q2MZ,VA
2309,K008,VA
2310,Q2XA,VA
2311,Q1TG,VA
2312,B0DM,VA
2313,K03K,VA
2314,Q1U0,VA
2315,C00U,VA
2316,B079,VA
2317,I02C,VA
2318,A080,VA
2319,F00X,VA
2320,F02H,VA
2321,C00F,VA
2322,F00K,VA
2323,Q293,VA
2324,F01F,VA
2325,F01T,VA
2326,F010,VA
2327,F002,VA
2328,F03J,VA
2329,C00E,VA
2330,E012,VA
2331,E01X,VA
2332,E078,VA
2333,F00Q,VA
2334,F00O,VA
2335,A09M,VA
2336,U001,VA
2337,Q2B3,VA
2338,Q2P9,VA
2339,Q2B8,VA
2340,F01X,VA
2341,Q2BP,VA
2342,Q1XL,VA
2343,F00G,VA
2344,F00I,VA
2345,C00O,VA
2346,K02C,VA
2347,J014,VA
2348,A04J,VA
2349,A0JE,VA
2350,A000,VA
2351,I00K,VA
2352,E01Y,VA
2353,F00L,VA
2354,E01G,VA
2355,E05I,VA
2356,B04F,VA
2357,Q2GG,VA
2358,F046,VA
2359,D01G,VA
2360,F025,VA
2361,F00P,VA
2362,F01Y,VA
2363,G00Z,VA
2364,Q2H9,VA
2365,F041,VA
2366,F00V,VA
2367,F00E,VA
2368,F00D,VA
2369,Q2HH,VA
2370,Q21H,VA
2371,Q2R1,VA
2372,B07O,VA
2373,F001,VA
2374,F000,VA
2375,Q00O,VI
2376,C01P,VI
2377,C01O,VI
2378,Q26G,VI
2379,Q26L,VI
2380,Q30M,VI
2381,C00F,VI
2382,C02E,VI
2383,C00E,VI
2384,B07O,VI
2385,Q2MX,VI
2386,F029,VT
2387,Q1TC,VT
2388,A0JE,VT
2389,A000,VT
2390,Q21H,VT
2391,A0GG,WA
2392,B08C,WA
2393,A00D,WA
2394,Q26U,WA
2395,B07C,WA
2396,B06R,WA
2397,C00F,WA
2398,B0B3,WA
2399,Q3HN,WA
2400,I0T6,WA
2401,Q0XA,WA
2402,Q2RM,WA
2403,Q1YN,WA
2404,Q35E,WA
2405,A073,WA
2406,A02Q,WA
2407,A002,WA
2408,E08D,WA
2409,E06Y,WA
2410,E06D,WA
2411,E09Q,WA
2412,A0IL,WA
2413,B00Y,WA
2414,Q3HR,WA
2415,D02A,WA
2416,A088,WA
2417,E065,WA
2418,Q21M,WA
2419,Q1OT,WA
2420,Q1P9,WA
2421,I01A,WA
2422,Q2WA,WA
2423,B08B,WA
2424,A0CP,WA
2425,A0IE,WA
2426,A0IF,WA
2427,A0IG,WA
2428,A001,WA
2429,Q1SN,WI
2430,Q1T6,WI
2431,B0DM,WI
2432,A00D,WI
2433,B079,WI
2434,Q276,WI
2435,F00X,WI
2436,F03J,WI
2437,Q2BS,WI
2438,F009,WI
2439,Q2CB,WI
2440,I00F,WI
2441,A073,WI
2442,A0JE,WI
2443,I0W1,WI
2444,Q2EM,WI
2445,Q2GG,WI
2446,F046,WI
2447,F00C,WI
2448,B03I,WI
2449,I06P,WI
2450,K008,WV
2451,Q2XA,WV
2452,B0DM,WV
2453,K03K,WV
2454,K08X,WV
2455,A080,WV
2456,E014,WV
2457,F02H,WV
2458,F02Z,WV
2459,F003,WV
2460,Q1XL,WV
2461,F00G,WV
2462,A0JE,WV
2463,A000,WV
2464,D011,WV
2465,F01D,WV
2466,F025,WV
2467,Q2H9,WV
2468,Q21H,WV
2469,Q2R1,WV
2470,Q2RE,WV
2471,G00S,WV
2472,D01R,WY
2473,B06R,WY
2474,Q0VV,WY
2475,A073,WY
2476,A004,WY
2477,A0JE,WY
2478,Q2EX,WY
2479,E00S,WY
2480,Q2WA,WY
2481,A001,WY
2482,Q3GI,WY
2483,A0C2,WY
2484,K004,DC
2485,A0JE,DC
2486,A00T,WA
2487,A00T,OR
2488,A00V,WA
2489,A00V,OR
2490,A07B,WA
2491,A07B,OR
2492,A00W,WA
2493,A00W,OR
2494,A00U,WA
2495,A00U,OR
2496,A07C,WA
2497,A07C,OR
2498,A0KX,HI
2499,E0BK,WA
2500,E0BM,WA
2501,E0BI,WA
2502,A02P,AK
2503,C02K,PT
2504,E0CL,
2505,A0K4,AK
2506,E0BJ,WA
2507,E0BJ,CA
2508,E0BJ,OR
2509,P00O,AS
2510,P00O,MP
2511,P00O,GU
2512,P00W,AS
2513,P00W,MP
2514,P00W,GU
2515,P00X,AS
2516,Q3OA,HI
2517,Q3NS,HI
2518,Q3NU,HI
2519,Q3NV,HI
2520,Q3NW,HI
2521,Q3NX,HI
2522,Q3NT,HI
2523,Q3NY,HI
2524,Q3OB,HI
2525,Q3OC,HI
2526,P002,FL
2527,P002,PR
2528,P002,VI
2529,A0K6,AK
2530,A0K6,WA
2531,A0K6,OR
2532,A0K6,CA
2533,P00F,AS
2534,Q3O5,HI
2535,E021,TX
2536,G0FU,CA
2537,B0OC,HI
2538,I0TX,NV
2539,P01X,AS
2540,A071,HI
2541,Q3NZ,HI
2542,P006,PR
2543,P006,VI
2544,P006,FL
2545,P003,PR
2546,P003,VI
2547,P003,FL
2548,P004,PR
2549,P004,VI
2550,P004,FL
2551,P01Y,PR
2552,P01Y,VI
2553,P01Y,FL
2554,Q3O0,HI
2555,Q3O1,HI
2556,E0CG,FL
2557,E0CG,AL
2558,E0CG,MS
2559,E0CG,LA
2560,E0CG,TX
2561,Q3OE,HI
2562,Q3O2,HI
2563,Q3O3,HI
2564,P00I,MP
2565,P00I,GU
2566,Q3O4,HI
